lexeme	frequency of lexeme	sclasses num	num correct mlp	num all mlp	mode	model	score
제자	1	1	21	32	weighted	bert	65.625
표정	4	1	31	32	weighted	bert	96.875
공고	1	1	24	32	weighted	bert	75.0
명예	2	2	28	32	weighted	bert	87.5
종목	1	1	27	32	weighted	bert	84.375
변칙	1	1	28	32	weighted	bert	87.5
독자	2	2	26	32	weighted	bert	81.25
사안	1	1	28	32	weighted	bert	87.5
성격	3	2	27	32	weighted	bert	84.375
서초	1	1	26	32	weighted	bert	81.25
마비	1	1	24	32	weighted	bert	75.0
소형	1	1	28	32	weighted	bert	87.5
마케팅	3	1	31	32	weighted	bert	96.875
약속	2	1	27	32	weighted	bert	84.375
절반	2	1	30	32	weighted	bert	93.75
책자	1	1	26	32	weighted	bert	81.25
이마	1	1	25	32	weighted	bert	78.125
조성	2	2	30	32	weighted	bert	93.75
해	3	1	30	32	weighted	bert	93.75
전환	3	1	25	32	weighted	bert	78.125
개정	6	1	31	32	weighted	bert	96.875
진실	2	1	19	32	weighted	bert	59.375
세계	14	2	29	32	weighted	bert	90.625
새끼	2	1	29	32	weighted	bert	90.625
종류	3	1	25	32	weighted	bert	78.125
보상	2	2	29	32	weighted	bert	90.625
회비	1	1	29	32	weighted	bert	90.625
경위	1	1	25	32	weighted	bert	78.125
고층	1	1	21	32	weighted	bert	65.625
경우	1	1	25	32	weighted	bert	78.125
의식	1	1	25	32	weighted	bert	78.125
근거	1	1	25	32	weighted	bert	78.125
비중	3	1	30	32	weighted	bert	93.75
불행	1	1	24	32	weighted	bert	75.0
전	11	1	28	32	weighted	bert	87.5
아기	4	1	29	32	weighted	bert	90.625
최대	2	1	25	32	weighted	bert	78.125
감상	2	2	30	32	weighted	bert	93.75
정리	3	2	27	32	weighted	bert	84.375
발	5	1	30	32	weighted	bert	93.75
이틀	1	1	24	32	weighted	bert	75.0
활동	3	1	29	32	weighted	bert	90.625
제작	2	1	28	32	weighted	bert	87.5
일	8	4	27	32	weighted	bert	84.375
정밀	1	1	30	32	weighted	bert	93.75
의료	1	1	26	32	weighted	bert	81.25
교수	1	1	27	32	weighted	bert	84.375
군대	1	1	26	32	weighted	bert	81.25
임대	1	1	32	32	weighted	bert	100.0
상환	1	1	28	32	weighted	bert	87.5
식사	2	1	27	32	weighted	bert	84.375
난색	2	1	26	32	weighted	bert	81.25
주소	1	1	26	32	weighted	bert	81.25
전체	10	1	31	32	weighted	bert	96.875
여당	2	1	26	32	weighted	bert	81.25
신호	2	1	25	32	weighted	bert	78.125
망치	1	1	25	32	weighted	bert	78.125
줄	1	1	26	32	weighted	bert	81.25
감면	1	1	26	32	weighted	bert	81.25
설계	1	1	22	32	weighted	bert	68.75
영문	1	1	23	32	weighted	bert	71.875
기회	2	1	30	32	weighted	bert	93.75
개별	1	1	27	32	weighted	bert	84.375
후원	1	1	25	32	weighted	bert	78.125
난국	2	1	24	32	weighted	bert	75.0
개혁	2	1	28	32	weighted	bert	87.5
전원	1	1	27	32	weighted	bert	84.375
소설	1	1	25	32	weighted	bert	78.125
여인	1	1	25	32	weighted	bert	78.125
인정	4	1	32	32	weighted	bert	100.0
최고	4	1	31	32	weighted	bert	96.875
습기	1	1	23	32	weighted	bert	71.875
농사	2	1	26	32	weighted	bert	81.25
공항	2	1	28	32	weighted	bert	87.5
책임	6	2	31	32	weighted	bert	96.875
발주	1	1	26	32	weighted	bert	81.25
꿈	7	2	26	32	weighted	bert	81.25
출발	3	1	27	32	weighted	bert	84.375
부상	1	1	26	32	weighted	bert	81.25
제정	1	1	31	32	weighted	bert	96.875
바람	5	1	28	32	weighted	bert	87.5
꽃	1	1	21	32	weighted	bert	65.625
사항	1	1	22	32	weighted	bert	68.75
얼굴	23	1	31	32	weighted	bert	96.875
제한	1	1	25	32	weighted	bert	78.125
허리	1	1	22	32	weighted	bert	68.75
영세	1	1	28	32	weighted	bert	87.5
짓	1	1	30	32	weighted	bert	93.75
역량	1	1	22	32	weighted	bert	68.75
오차	2	1	25	32	weighted	bert	78.125
힘	9	3	24	32	weighted	bert	75.0
위안	1	1	23	32	weighted	bert	71.875
경남	1	1	27	32	weighted	bert	84.375
예방	2	1	26	32	weighted	bert	81.25
관련	8	1	29	32	weighted	bert	90.625
세상	17	3	27	32	weighted	bert	84.375
티브이	1	1	25	32	weighted	bert	78.125
반대	5	1	28	32	weighted	bert	87.5
독일	2	1	25	32	weighted	bert	78.125
수사	3	1	28	32	weighted	bert	87.5
의자	1	1	26	32	weighted	bert	81.25
인용	1	1	30	32	weighted	bert	93.75
대처	1	1	26	32	weighted	bert	81.25
감지	1	1	27	32	weighted	bert	84.375
금리	2	1	28	32	weighted	bert	87.5
실현	1	1	26	32	weighted	bert	81.25
전략	1	1	21	32	weighted	bert	65.625
신약	1	1	27	32	weighted	bert	84.375
구매	1	1	26	32	weighted	bert	81.25
두려움	1	1	25	32	weighted	bert	78.125
형편	2	1	26	32	weighted	bert	81.25
협의	3	1	30	32	weighted	bert	93.75
인원	1	1	26	32	weighted	bert	81.25
장편	2	2	25	32	weighted	bert	78.125
패스	1	1	26	32	weighted	bert	81.25
진심	3	1	26	32	weighted	bert	81.25
달걀	1	1	25	32	weighted	bert	78.125
우승	3	1	29	32	weighted	bert	90.625
러시아	1	1	25	32	weighted	bert	78.125
대상	9	1	32	32	weighted	bert	100.0
개시	1	1	23	32	weighted	bert	71.875
발행	2	2	30	32	weighted	bert	93.75
특사	1	1	24	32	weighted	bert	75.0
거금	1	1	26	32	weighted	bert	81.25
부엌	1	1	27	32	weighted	bert	84.375
음성	1	1	26	32	weighted	bert	81.25
지하	2	1	26	32	weighted	bert	81.25
캠페인	1	1	23	32	weighted	bert	71.875
환자	3	1	29	32	weighted	bert	90.625
보강	1	1	21	32	weighted	bert	65.625
배신	1	1	25	32	weighted	bert	78.125
반항	1	1	26	32	weighted	bert	81.25
모임	1	1	23	32	weighted	bert	71.875
실천	2	1	24	32	weighted	bert	75.0
임신	1	1	28	32	weighted	bert	87.5
전승	1	1	27	32	weighted	bert	84.375
등장	1	1	29	32	weighted	bert	90.625
섭취	1	1	22	32	weighted	bert	68.75
근처	1	1	25	32	weighted	bert	78.125
기행	1	1	29	32	weighted	bert	90.625
비판	4	1	29	32	weighted	bert	90.625
호남	1	1	25	32	weighted	bert	78.125
가슴	12	1	31	32	weighted	bert	96.875
임용	1	1	27	32	weighted	bert	84.375
재직	1	1	25	32	weighted	bert	78.125
씨	1	1	26	32	weighted	bert	81.25
치즈	1	1	23	32	weighted	bert	71.875
문	2	2	26	32	weighted	bert	81.25
적용	4	1	30	32	weighted	bert	93.75
선별	1	1	23	32	weighted	bert	71.875
준비	6	1	29	32	weighted	bert	90.625
음악	6	1	30	32	weighted	bert	93.75
국방	1	1	23	32	weighted	bert	71.875
이행	1	1	24	32	weighted	bert	75.0
마음	51	2	30	32	weighted	bert	93.75
서명	2	1	28	32	weighted	bert	87.5
실패	4	1	25	32	weighted	bert	78.125
과잉	1	1	25	32	weighted	bert	78.125
공격	1	1	26	32	weighted	bert	81.25
스스로	1	1	23	32	weighted	bert	71.875
논의	4	1	30	32	weighted	bert	93.75
기원	1	1	27	32	weighted	bert	84.375
신청	5	2	29	32	weighted	bert	90.625
배출	1	1	26	32	weighted	bert	81.25
확정	2	1	27	32	weighted	bert	84.375
조화	1	1	25	32	weighted	bert	78.125
권력	1	1	28	32	weighted	bert	87.5
사내	3	1	26	32	weighted	bert	81.25
학원	2	1	25	32	weighted	bert	78.125
거부	2	1	30	32	weighted	bert	93.75
협상	1	1	25	32	weighted	bert	78.125
정년	1	1	21	32	weighted	bert	65.625
대표	14	2	29	32	weighted	bert	90.625
황제	1	1	24	32	weighted	bert	75.0
시인	2	1	24	32	weighted	bert	75.0
권	1	1	26	32	weighted	bert	81.25
인증	1	1	27	32	weighted	bert	84.375
조정	2	2	27	32	weighted	bert	84.375
가구	3	2	28	32	weighted	bert	87.5
개발	6	2	31	32	weighted	bert	96.875
배달	1	1	23	32	weighted	bert	71.875
구분	1	1	24	32	weighted	bert	75.0
전제	1	1	24	32	weighted	bert	75.0
신뢰	2	1	29	32	weighted	bert	90.625
요청	5	2	30	32	weighted	bert	93.75
날씨	4	1	29	32	weighted	bert	90.625
빙수	1	1	23	32	weighted	bert	71.875
창조	1	1	27	32	weighted	bert	84.375
압도	1	1	24	32	weighted	bert	75.0
주목	1	1	20	32	weighted	bert	62.5
근무	2	1	29	32	weighted	bert	90.625
프로젝트	1	1	26	32	weighted	bert	81.25
해외	3	1	30	32	weighted	bert	93.75
애	2	1	29	32	weighted	bert	90.625
국정	1	1	25	32	weighted	bert	78.125
의도	2	2	26	32	weighted	bert	81.25
이념	2	1	21	32	weighted	bert	65.625
쓰레기	1	1	26	32	weighted	bert	81.25
자료	5	1	28	32	weighted	bert	87.5
희생	1	1	22	32	weighted	bert	68.75
문제	22	3	30	32	weighted	bert	93.75
수분	2	1	22	32	weighted	bert	68.75
만찬	1	1	24	32	weighted	bert	75.0
애초	2	1	25	32	weighted	bert	78.125
억압	1	1	28	32	weighted	bert	87.5
안전	4	1	30	32	weighted	bert	93.75
현대	1	1	25	32	weighted	bert	78.125
발생	4	1	30	32	weighted	bert	93.75
안경	2	1	28	32	weighted	bert	87.5
시야	1	1	21	32	weighted	bert	65.625
북한	10	1	26	32	weighted	bert	81.25
방법	6	1	28	32	weighted	bert	87.5
고생	1	1	23	32	weighted	bert	71.875
장남	1	1	26	32	weighted	bert	81.25
구간	4	1	28	32	weighted	bert	87.5
금액	1	1	26	32	weighted	bert	81.25
글	1	1	26	32	weighted	bert	81.25
복종	1	1	20	32	weighted	bert	62.5
조사	8	1	32	32	weighted	bert	100.0
단순	1	1	25	32	weighted	bert	78.125
종전	1	1	27	32	weighted	bert	84.375
자신	16	1	31	32	weighted	bert	96.875
차관	1	1	24	32	weighted	bert	75.0
조각	2	1	30	32	weighted	bert	93.75
신앙	1	1	23	32	weighted	bert	71.875
애국	1	1	28	32	weighted	bert	87.5
집합	1	1	29	32	weighted	bert	90.625
당일	1	1	27	32	weighted	bert	84.375
접수	1	1	28	32	weighted	bert	87.5
선출	1	1	26	32	weighted	bert	81.25
세비야	1	1	27	32	weighted	bert	84.375
통지	1	1	31	32	weighted	bert	96.875
주체	1	1	20	32	weighted	bert	62.5
다수	1	1	23	32	weighted	bert	71.875
국회	7	1	31	32	weighted	bert	96.875
국립	1	1	25	32	weighted	bert	78.125
요구	3	1	28	32	weighted	bert	87.5
곁	3	1	28	32	weighted	bert	87.5
국법	1	1	26	32	weighted	bert	81.25
손	1	1	27	32	weighted	bert	84.375
원고	1	1	24	32	weighted	bert	75.0
구	4	2	28	32	weighted	bert	87.5
책상	2	1	29	32	weighted	bert	90.625
육성	2	1	28	32	weighted	bert	87.5
취임	5	1	29	32	weighted	bert	90.625
비난	1	1	27	32	weighted	bert	84.375
피아니스트	2	1	29	32	weighted	bert	90.625
범위	1	1	24	32	weighted	bert	75.0
승부	2	1	28	32	weighted	bert	87.5
공급	5	1	29	32	weighted	bert	90.625
실태	1	1	28	32	weighted	bert	87.5
신부	1	1	26	32	weighted	bert	81.25
말	10	2	29	32	weighted	bert	90.625
추억	3	1	32	32	weighted	bert	100.0
거절	2	1	29	32	weighted	bert	90.625
축하	1	1	25	32	weighted	bert	78.125
등록	3	1	29	32	weighted	bert	90.625
고집	1	1	23	32	weighted	bert	71.875
별명	1	1	23	32	weighted	bert	71.875
꼴	1	1	22	32	weighted	bert	68.75
라이터	1	1	23	32	weighted	bert	71.875
인기	2	1	29	32	weighted	bert	90.625
반감	1	1	22	32	weighted	bert	68.75
지디피	1	1	26	32	weighted	bert	81.25
행위	2	2	25	32	weighted	bert	78.125
법률	1	1	26	32	weighted	bert	81.25
교회	1	1	24	32	weighted	bert	75.0
옷	2	1	27	32	weighted	bert	84.375
감사	4	2	27	32	weighted	bert	84.375
보호	1	1	26	32	weighted	bert	81.25
공약	3	1	29	32	weighted	bert	90.625
보장	3	1	28	32	weighted	bert	87.5
정비	2	1	28	32	weighted	bert	87.5
세기	1	1	29	32	weighted	bert	90.625
추신	1	1	24	32	weighted	bert	75.0
결승	3	1	28	32	weighted	bert	87.5
승리	4	1	29	32	weighted	bert	90.625
부처	2	1	28	32	weighted	bert	87.5
날	1	1	25	32	weighted	bert	78.125
작업	3	2	25	32	weighted	bert	78.125
친구	13	2	30	32	weighted	bert	93.75
부여	1	1	28	32	weighted	bert	87.5
철	1	1	25	32	weighted	bert	78.125
다양	9	1	29	32	weighted	bert	90.625
원망	2	1	26	32	weighted	bert	81.25
고민	2	1	24	32	weighted	bert	75.0
데이터	1	1	26	32	weighted	bert	81.25
뒤	34	2	32	32	weighted	bert	100.0
오후	1	1	23	32	weighted	bert	71.875
정책	10	1	30	32	weighted	bert	93.75
상실	1	1	27	32	weighted	bert	84.375
일본	1	1	23	32	weighted	bert	71.875
단가	1	1	26	32	weighted	bert	81.25
문건	1	1	22	32	weighted	bert	68.75
압력	2	1	26	32	weighted	bert	81.25
예외	1	1	25	32	weighted	bert	78.125
위반	2	1	27	32	weighted	bert	84.375
모집	1	1	26	32	weighted	bert	81.25
세부	1	1	25	32	weighted	bert	78.125
담합	1	1	26	32	weighted	bert	81.25
학습	1	1	26	32	weighted	bert	81.25
전화	1	1	23	32	weighted	bert	71.875
자격	1	1	29	32	weighted	bert	90.625
오락	2	1	25	32	weighted	bert	78.125
대학	5	1	27	32	weighted	bert	84.375
강판	2	2	25	32	weighted	bert	78.125
베트남	1	1	26	32	weighted	bert	81.25
해발	1	1	25	32	weighted	bert	78.125
마을	6	1	31	32	weighted	bert	96.875
비밀	1	1	25	32	weighted	bert	78.125
중소	2	1	25	32	weighted	bert	78.125
국가	7	1	31	32	weighted	bert	96.875
수주	1	1	27	32	weighted	bert	84.375
역풍	1	1	24	32	weighted	bert	75.0
부장	2	1	27	32	weighted	bert	84.375
밥	2	1	21	32	weighted	bert	65.625
시	1	1	23	32	weighted	bert	71.875
원인	1	1	24	32	weighted	bert	75.0
기념	1	1	28	32	weighted	bert	87.5
종사	1	1	27	32	weighted	bert	84.375
생기	1	1	26	32	weighted	bert	81.25
경영	3	1	26	32	weighted	bert	81.25
전집	1	1	27	32	weighted	bert	84.375
약학	1	1	24	32	weighted	bert	75.0
유니폼	2	1	28	32	weighted	bert	87.5
인상	2	2	30	32	weighted	bert	93.75
합의	3	1	25	32	weighted	bert	78.125
약	1	1	26	32	weighted	bert	81.25
역할	3	1	25	32	weighted	bert	78.125
입안	1	1	26	32	weighted	bert	81.25
공짜	1	1	26	32	weighted	bert	81.25
현장	5	1	29	32	weighted	bert	90.625
소리	19	1	31	32	weighted	bert	96.875
농장	2	1	26	32	weighted	bert	81.25
초등	2	1	26	32	weighted	bert	81.25
직원	6	1	32	32	weighted	bert	100.0
강	3	1	23	32	weighted	bert	71.875
이모	1	1	19	32	weighted	bert	59.375
심의	2	1	26	32	weighted	bert	81.25
표시	1	1	19	32	weighted	bert	59.375
가보	1	1	25	32	weighted	bert	78.125
사랑	13	1	31	32	weighted	bert	96.875
협력	1	1	26	32	weighted	bert	81.25
재물	1	1	27	32	weighted	bert	84.375
시내	1	1	26	32	weighted	bert	81.25
발전	5	1	31	32	weighted	bert	96.875
징계	1	1	26	32	weighted	bert	81.25
방황	1	1	23	32	weighted	bert	71.875
단추	1	1	27	32	weighted	bert	84.375
작년	1	1	31	32	weighted	bert	96.875
압박	1	1	22	32	weighted	bert	68.75
가격	4	2	24	32	weighted	bert	75.0
조직	3	1	28	32	weighted	bert	87.5
안	15	5	29	32	weighted	bert	90.625
카메라	2	1	30	32	weighted	bert	93.75
고위	1	1	24	32	weighted	bert	75.0
미래	6	1	31	32	weighted	bert	96.875
발굴	1	1	28	32	weighted	bert	87.5
분야	4	1	30	32	weighted	bert	93.75
요금	1	1	26	32	weighted	bert	81.25
삼성	2	2	27	32	weighted	bert	84.375
시간	21	2	31	32	weighted	bert	96.875
건축	1	1	26	32	weighted	bert	81.25
비교	2	1	28	32	weighted	bert	87.5
체증	1	1	27	32	weighted	bert	84.375
투자	10	2	32	32	weighted	bert	100.0
상가	1	1	25	32	weighted	bert	78.125
선로	1	1	23	32	weighted	bert	71.875
해결	6	1	31	32	weighted	bert	96.875
광고	2	1	27	32	weighted	bert	84.375
시연	1	1	27	32	weighted	bert	84.375
수기	1	1	25	32	weighted	bert	78.125
싸움	1	1	26	32	weighted	bert	81.25
동아리	1	1	25	32	weighted	bert	78.125
역경	1	1	26	32	weighted	bert	81.25
나무	3	1	24	32	weighted	bert	75.0
길	14	2	31	32	weighted	bert	96.875
맨체스터	1	1	27	32	weighted	bert	84.375
시스템	1	1	22	32	weighted	bert	68.75
구원	1	1	27	32	weighted	bert	84.375
물가	1	1	25	32	weighted	bert	78.125
북	1	1	26	32	weighted	bert	81.25
저항	1	1	26	32	weighted	bert	81.25
애정	2	1	25	32	weighted	bert	78.125
여자	7	1	25	32	weighted	bert	78.125
역대	5	1	27	32	weighted	bert	84.375
심리	1	1	31	32	weighted	bert	96.875
수확	1	1	25	32	weighted	bert	78.125
선정	2	1	27	32	weighted	bert	84.375
덕분	1	1	24	32	weighted	bert	75.0
응원	1	1	29	32	weighted	bert	90.625
모델	2	1	23	32	weighted	bert	71.875
중국	4	1	30	32	weighted	bert	93.75
노력	6	1	30	32	weighted	bert	93.75
디자인	2	1	29	32	weighted	bert	90.625
모욕	1	1	21	32	weighted	bert	65.625
의심	1	1	28	32	weighted	bert	87.5
무대	4	2	28	32	weighted	bert	87.5
형식	1	1	27	32	weighted	bert	84.375
당적	1	1	25	32	weighted	bert	78.125
이상	3	2	28	32	weighted	bert	87.5
원조	1	1	20	32	weighted	bert	62.5
대응	1	1	22	32	weighted	bert	68.75
인터넷	4	1	27	32	weighted	bert	84.375
여론	3	1	29	32	weighted	bert	90.625
베이징	1	1	26	32	weighted	bert	81.25
조선	1	1	27	32	weighted	bert	84.375
지상	1	1	29	32	weighted	bert	90.625
신중	3	1	27	32	weighted	bert	84.375
허약	1	1	28	32	weighted	bert	87.5
자연	2	1	24	32	weighted	bert	75.0
총	1	1	24	32	weighted	bert	75.0
딸	12	1	31	32	weighted	bert	96.875
개교	2	1	30	32	weighted	bert	93.75
심사	1	1	29	32	weighted	bert	90.625
시국	1	1	28	32	weighted	bert	87.5
개관	1	1	29	32	weighted	bert	90.625
시행	3	1	30	32	weighted	bert	93.75
내년	11	1	26	32	weighted	bert	81.25
제출	2	1	30	32	weighted	bert	93.75
나중	2	1	26	32	weighted	bert	81.25
가정	2	2	21	32	weighted	bert	65.625
챔피언	1	1	28	32	weighted	bert	87.5
정식	1	1	30	32	weighted	bert	93.75
발문	1	1	24	32	weighted	bert	75.0
아내	2	1	25	32	weighted	bert	78.125
소식	4	1	22	32	weighted	bert	68.75
불	3	1	26	32	weighted	bert	81.25
흙	2	1	30	32	weighted	bert	93.75
과자	1	1	28	32	weighted	bert	87.5
성향	2	1	27	32	weighted	bert	84.375
성	1	1	25	32	weighted	bert	78.125
계속	4	1	27	32	weighted	bert	84.375
해석	2	2	30	32	weighted	bert	93.75
제안	1	1	24	32	weighted	bert	75.0
획득	1	1	23	32	weighted	bert	71.875
유지	2	1	26	32	weighted	bert	81.25
강조	2	1	27	32	weighted	bert	84.375
단위	1	1	24	32	weighted	bert	75.0
모퉁이	1	1	23	32	weighted	bert	71.875
부족	1	1	28	32	weighted	bert	87.5
개선	7	2	28	32	weighted	bert	87.5
수염	1	1	24	32	weighted	bert	75.0
남북	2	1	27	32	weighted	bert	84.375
이후	17	4	30	32	weighted	bert	93.75
곳	9	1	30	32	weighted	bert	93.75
기억	6	1	28	32	weighted	bert	87.5
영혼	1	1	27	32	weighted	bert	84.375
확대	7	1	30	32	weighted	bert	93.75
잠깐	1	1	21	32	weighted	bert	65.625
제목	1	1	21	32	weighted	bert	65.625
발급	1	1	27	32	weighted	bert	84.375
하위	1	1	23	32	weighted	bert	71.875
이름	3	3	29	32	weighted	bert	90.625
지정	3	1	29	32	weighted	bert	90.625
진행	4	2	29	32	weighted	bert	90.625
양호	1	1	27	32	weighted	bert	84.375
감독	9	2	29	32	weighted	bert	90.625
차기	1	1	24	32	weighted	bert	75.0
결합	1	1	24	32	weighted	bert	75.0
수렴	1	1	27	32	weighted	bert	84.375
열매	2	1	23	32	weighted	bert	71.875
가시	1	1	23	32	weighted	bert	71.875
염두	1	1	23	32	weighted	bert	71.875
토마토	1	1	21	32	weighted	bert	65.625
독립	1	1	22	32	weighted	bert	68.75
주인	1	1	28	32	weighted	bert	87.5
대구	1	1	26	32	weighted	bert	81.25
외교	2	1	28	32	weighted	bert	87.5
감세	1	1	25	32	weighted	bert	78.125
인절미	1	1	27	32	weighted	bert	84.375
활용	3	1	28	32	weighted	bert	87.5
가을	2	1	28	32	weighted	bert	87.5
도입	4	1	30	32	weighted	bert	93.75
팝콘	1	1	23	32	weighted	bert	71.875
생각	39	3	30	32	weighted	bert	93.75
운전	1	1	25	32	weighted	bert	78.125
촬영	1	1	23	32	weighted	bert	71.875
당시	7	1	28	32	weighted	bert	87.5
짐작	1	1	27	32	weighted	bert	84.375
처리	4	2	29	32	weighted	bert	90.625
시험	6	2	30	32	weighted	bert	93.75
품	1	1	26	32	weighted	bert	81.25
이해	3	1	29	32	weighted	bert	90.625
등	1	1	24	32	weighted	bert	75.0
차이	1	1	27	32	weighted	bert	84.375
반장	2	1	27	32	weighted	bert	84.375
통로	1	1	27	32	weighted	bert	84.375
특허	1	1	24	32	weighted	bert	75.0
그림	6	1	25	32	weighted	bert	78.125
소문	1	1	22	32	weighted	bert	68.75
지침	1	1	27	32	weighted	bert	84.375
우리	1	1	25	32	weighted	bert	78.125
가능	5	1	30	32	weighted	bert	93.75
생명	1	1	27	32	weighted	bert	84.375
유학	1	1	25	32	weighted	bert	78.125
지속	3	1	25	32	weighted	bert	78.125
리노	1	1	27	32	weighted	bert	84.375
부결	2	1	23	32	weighted	bert	71.875
시설	1	1	25	32	weighted	bert	78.125
연장	2	1	28	32	weighted	bert	87.5
피	1	1	27	32	weighted	bert	84.375
일대	1	1	27	32	weighted	bert	84.375
비행	2	1	26	32	weighted	bert	81.25
시절	6	1	31	32	weighted	bert	96.875
산악	1	1	26	32	weighted	bert	81.25
유효	1	1	25	32	weighted	bert	78.125
구성	4	1	30	32	weighted	bert	93.75
노선	3	2	28	32	weighted	bert	87.5
폴	1	1	27	32	weighted	bert	84.375
격리	1	1	25	32	weighted	bert	78.125
영역	2	1	25	32	weighted	bert	78.125
입장	4	1	32	32	weighted	bert	100.0
오전	1	1	26	32	weighted	bert	81.25
수비	2	1	28	32	weighted	bert	87.5
선임	1	1	27	32	weighted	bert	84.375
근로	1	1	27	32	weighted	bert	84.375
진영	1	1	21	32	weighted	bert	65.625
주시	1	1	29	32	weighted	bert	90.625
총장	4	1	30	32	weighted	bert	93.75
보충	1	1	28	32	weighted	bert	87.5
일반	5	1	28	32	weighted	bert	87.5
충남	2	1	25	32	weighted	bert	78.125
상처	2	2	28	32	weighted	bert	87.5
발동	1	1	24	32	weighted	bert	75.0
끈	1	1	23	32	weighted	bert	71.875
품질	2	1	28	32	weighted	bert	87.5
김	1	1	27	32	weighted	bert	84.375
연설	1	1	29	32	weighted	bert	90.625
충성	1	1	25	32	weighted	bert	78.125
공식	1	1	25	32	weighted	bert	78.125
게임	1	1	28	32	weighted	bert	87.5
인재	3	2	28	32	weighted	bert	87.5
편성	1	1	27	32	weighted	bert	84.375
학생	6	1	30	32	weighted	bert	93.75
검증	1	1	27	32	weighted	bert	84.375
완료	2	1	28	32	weighted	bert	87.5
기계	1	1	25	32	weighted	bert	78.125
노병	1	1	25	32	weighted	bert	78.125
리더십	1	1	24	32	weighted	bert	75.0
출신	2	1	29	32	weighted	bert	90.625
지분	2	1	29	32	weighted	bert	90.625
영업	1	1	30	32	weighted	bert	93.75
미대	1	1	24	32	weighted	bert	75.0
리그	1	1	26	32	weighted	bert	81.25
대신	4	2	31	32	weighted	bert	96.875
취지	1	1	26	32	weighted	bert	81.25
통일	1	1	25	32	weighted	bert	78.125
독서	1	1	23	32	weighted	bert	71.875
유통	1	1	24	32	weighted	bert	75.0
경고	1	1	25	32	weighted	bert	78.125
채소	1	1	26	32	weighted	bert	81.25
휴식	3	1	25	32	weighted	bert	78.125
소스	1	1	28	32	weighted	bert	87.5
영상	2	1	29	32	weighted	bert	90.625
폐기	1	1	21	32	weighted	bert	65.625
가락	1	1	20	32	weighted	bert	62.5
영향	5	1	28	32	weighted	bert	87.5
다큐멘터리	1	1	21	32	weighted	bert	65.625
꼴찌	1	1	28	32	weighted	bert	87.5
조작	1	1	20	32	weighted	bert	62.5
영예	1	1	27	32	weighted	bert	84.375
증가	2	1	29	32	weighted	bert	90.625
성품	1	1	21	32	weighted	bert	65.625
확충	2	1	26	32	weighted	bert	81.25
사회	5	1	30	32	weighted	bert	93.75
단체	2	1	26	32	weighted	bert	81.25
통제	2	1	25	32	weighted	bert	78.125
산	1	1	24	32	weighted	bert	75.0
광장	1	1	22	32	weighted	bert	68.75
피아노	1	1	27	32	weighted	bert	84.375
세일	1	1	22	32	weighted	bert	68.75
확보	2	1	30	32	weighted	bert	93.75
사용	3	1	30	32	weighted	bert	93.75
동력	1	1	27	32	weighted	bert	84.375
데뷔	1	1	24	32	weighted	bert	75.0
법안	3	1	27	32	weighted	bert	84.375
야당	4	1	29	32	weighted	bert	90.625
커피	1	1	26	32	weighted	bert	81.25
공군	1	1	25	32	weighted	bert	78.125
충전	1	1	26	32	weighted	bert	81.25
관객	2	1	26	32	weighted	bert	81.25
고개	3	1	27	32	weighted	bert	84.375
충동	1	1	25	32	weighted	bert	78.125
가축	1	1	26	32	weighted	bert	81.25
신당	1	1	28	32	weighted	bert	87.5
구청	1	1	27	32	weighted	bert	84.375
화제	2	2	24	32	weighted	bert	75.0
권유	1	1	26	32	weighted	bert	81.25
브루나이	1	1	28	32	weighted	bert	87.5
명분	3	1	30	32	weighted	bert	93.75
상한	1	1	26	32	weighted	bert	81.25
시각	2	2	25	32	weighted	bert	78.125
시합	2	1	26	32	weighted	bert	81.25
회사	1	1	29	32	weighted	bert	90.625
허기	1	1	24	32	weighted	bert	75.0
개원	1	1	25	32	weighted	bert	78.125
기자	2	1	31	32	weighted	bert	96.875
선행	1	1	24	32	weighted	bert	75.0
충치	1	1	24	32	weighted	bert	75.0
한국	32	3	30	32	weighted	bert	93.75
위	8	1	31	32	weighted	bert	96.875
누명	1	1	28	32	weighted	bert	87.5
법령	1	1	24	32	weighted	bert	75.0
동네	1	1	28	32	weighted	bert	87.5
농부	1	1	29	32	weighted	bert	90.625
항소	1	1	30	32	weighted	bert	93.75
모습	25	2	29	32	weighted	bert	90.625
보고	1	1	29	32	weighted	bert	90.625
가족	12	2	30	32	weighted	bert	93.75
다이어트	1	1	23	32	weighted	bert	71.875
처음	6	1	32	32	weighted	bert	100.0
원천	1	1	25	32	weighted	bert	78.125
과제	2	1	26	32	weighted	bert	81.25
소명	1	1	24	32	weighted	bert	75.0
소	1	1	22	32	weighted	bert	68.75
축적	1	1	25	32	weighted	bert	78.125
나라	1	1	28	32	weighted	bert	87.5
영화	9	1	30	32	weighted	bert	93.75
주차	1	1	23	32	weighted	bert	71.875
디자이너	1	1	28	32	weighted	bert	87.5
전문	1	1	25	32	weighted	bert	78.125
규칙	1	1	26	32	weighted	bert	81.25
부탁	1	1	23	32	weighted	bert	71.875
콘서트	1	1	27	32	weighted	bert	84.375
인연	3	2	27	32	weighted	bert	84.375
육수	1	1	30	32	weighted	bert	93.75
올해	14	1	28	32	weighted	bert	87.5
마지막	4	1	30	32	weighted	bert	93.75
회담	2	1	22	32	weighted	bert	68.75
공공	1	1	22	32	weighted	bert	68.75
개전	1	1	24	32	weighted	bert	75.0
초반	1	1	22	32	weighted	bert	68.75
정당	1	1	24	32	weighted	bert	75.0
사실	12	1	28	32	weighted	bert	87.5
이별	2	1	28	32	weighted	bert	87.5
병원	7	2	25	32	weighted	bert	78.125
아이	35	1	29	32	weighted	bert	90.625
선거	6	3	29	32	weighted	bert	90.625
몰골	1	1	24	32	weighted	bert	75.0
가동	2	1	24	32	weighted	bert	75.0
온기	1	1	24	32	weighted	bert	75.0
고속	1	1	25	32	weighted	bert	78.125
설비	2	1	31	32	weighted	bert	96.875
애송	1	1	28	32	weighted	bert	87.5
선고	3	2	31	32	weighted	bert	96.875
집회	3	1	27	32	weighted	bert	84.375
병실	1	1	22	32	weighted	bert	68.75
공모	2	1	28	32	weighted	bert	87.5
비율	3	1	28	32	weighted	bert	87.5
기간	8	2	28	32	weighted	bert	87.5
생활	1	1	26	32	weighted	bert	81.25
적성	1	1	24	32	weighted	bert	75.0
전과	1	1	22	32	weighted	bert	68.75
사진	3	1	27	32	weighted	bert	84.375
운동	3	1	29	32	weighted	bert	90.625
포함	9	1	30	32	weighted	bert	93.75
산하	1	1	25	32	weighted	bert	78.125
공석	1	1	20	32	weighted	bert	62.5
경제	8	1	27	32	weighted	bert	84.375
고객	4	1	27	32	weighted	bert	84.375
과정	3	3	28	32	weighted	bert	87.5
미	2	1	25	32	weighted	bert	78.125
선박	1	1	27	32	weighted	bert	84.375
형	4	2	30	32	weighted	bert	93.75
보합	1	1	29	32	weighted	bert	90.625
일행	1	1	24	32	weighted	bert	75.0
당초	2	1	20	32	weighted	bert	62.5
이식	1	1	25	32	weighted	bert	78.125
심통	1	1	24	32	weighted	bert	75.0
기본	1	1	23	32	weighted	bert	71.875
수출	2	1	23	32	weighted	bert	71.875
네덜란드	2	1	27	32	weighted	bert	84.375
방침	2	1	29	32	weighted	bert	90.625
소녀	3	1	29	32	weighted	bert	90.625
철학	1	1	22	32	weighted	bert	68.75
국민	12	1	27	32	weighted	bert	84.375
선발	2	1	29	32	weighted	bert	90.625
조리	1	1	27	32	weighted	bert	84.375
돈	17	1	30	32	weighted	bert	93.75
선장	1	1	25	32	weighted	bert	78.125
새벽	8	1	27	32	weighted	bert	84.375
선물	11	1	28	32	weighted	bert	87.5
난폭	1	1	27	32	weighted	bert	84.375
토막	1	1	22	32	weighted	bert	68.75
뿌리	1	1	23	32	weighted	bert	71.875
세원	1	1	27	32	weighted	bert	84.375
향기	3	1	21	32	weighted	bert	65.625
변론	1	1	28	32	weighted	bert	87.5
멸치	1	1	26	32	weighted	bert	81.25
임기	2	1	27	32	weighted	bert	84.375
강도	1	1	28	32	weighted	bert	87.5
스타	2	1	29	32	weighted	bert	90.625
세제	1	1	23	32	weighted	bert	71.875
눈	1	1	28	32	weighted	bert	87.5
연봉	1	1	26	32	weighted	bert	81.25
낭비	1	1	24	32	weighted	bert	75.0
귀기	1	1	24	32	weighted	bert	75.0
사전	1	1	26	32	weighted	bert	81.25
소통	2	1	24	32	weighted	bert	75.0
집행	1	1	28	32	weighted	bert	87.5
출처	1	1	25	32	weighted	bert	78.125
케이블	1	1	27	32	weighted	bert	84.375
인간	6	1	29	32	weighted	bert	90.625
프로그램	3	1	28	32	weighted	bert	87.5
개비	1	1	25	32	weighted	bert	78.125
세배	1	1	25	32	weighted	bert	78.125
범죄	1	1	26	32	weighted	bert	81.25
시즌	5	1	22	32	weighted	bert	68.75
양식	1	1	27	32	weighted	bert	84.375
덤	1	1	25	32	weighted	bert	78.125
체결	1	1	23	32	weighted	bert	71.875
사방	1	1	29	32	weighted	bert	90.625
악화	1	1	25	32	weighted	bert	78.125
잔	2	2	27	32	weighted	bert	84.375
모두	3	1	28	32	weighted	bert	87.5
감염	1	1	25	32	weighted	bert	78.125
곡선	1	1	27	32	weighted	bert	84.375
우수	2	1	29	32	weighted	bert	90.625
명	1	1	25	32	weighted	bert	78.125
대중	1	1	22	32	weighted	bert	68.75
자동	1	1	24	32	weighted	bert	75.0
층	2	2	28	32	weighted	bert	87.5
외투	1	1	28	32	weighted	bert	87.5
까닭	1	1	25	32	weighted	bert	78.125
장마	2	1	28	32	weighted	bert	87.5
여유	3	1	26	32	weighted	bert	81.25
명단	4	1	27	32	weighted	bert	84.375
북측	1	1	25	32	weighted	bert	78.125
의제	1	1	22	32	weighted	bert	68.75
정돈	1	1	24	32	weighted	bert	75.0
위원	1	1	28	32	weighted	bert	87.5
가치	3	3	27	32	weighted	bert	84.375
고문	1	1	26	32	weighted	bert	81.25
회원	2	1	30	32	weighted	bert	93.75
안팎	2	1	28	32	weighted	bert	87.5
발견	2	1	30	32	weighted	bert	93.75
화가	1	1	25	32	weighted	bert	78.125
대치	1	1	27	32	weighted	bert	84.375
수명	1	1	26	32	weighted	bert	81.25
서비스	3	1	25	32	weighted	bert	78.125
단장	2	1	27	32	weighted	bert	84.375
생리	1	1	29	32	weighted	bert	90.625
교통	1	1	29	32	weighted	bert	90.625
순위	1	1	29	32	weighted	bert	90.625
일가	1	1	25	32	weighted	bert	78.125
심금	1	1	27	32	weighted	bert	84.375
화엄	1	1	21	32	weighted	bert	65.625
유행	1	1	25	32	weighted	bert	78.125
넋	1	1	23	32	weighted	bert	71.875
스승	1	1	29	32	weighted	bert	90.625
대함	1	1	25	32	weighted	bert	78.125
분위기	3	2	31	32	weighted	bert	96.875
귀환	1	1	27	32	weighted	bert	84.375
국장	1	1	29	32	weighted	bert	90.625
골짜기	1	1	26	32	weighted	bert	81.25
확장	1	1	25	32	weighted	bert	78.125
총선	2	1	29	32	weighted	bert	90.625
환경	1	1	30	32	weighted	bert	93.75
잠	5	1	29	32	weighted	bert	90.625
최다	1	1	28	32	weighted	bert	87.5
확인	8	2	30	32	weighted	bert	93.75
개인	3	1	31	32	weighted	bert	96.875
오늘	4	1	29	32	weighted	bert	90.625
영감	1	1	25	32	weighted	bert	78.125
소득	2	1	28	32	weighted	bert	87.5
아들	1	1	26	32	weighted	bert	81.25
폐	1	1	26	32	weighted	bert	81.25
적응	1	1	28	32	weighted	bert	87.5
논문	1	1	24	32	weighted	bert	75.0
연회	1	1	24	32	weighted	bert	75.0
차원	4	1	25	32	weighted	bert	78.125
비정	1	1	25	32	weighted	bert	78.125
전형	1	1	23	32	weighted	bert	71.875
합류	2	2	25	32	weighted	bert	78.125
지혜	3	1	25	32	weighted	bert	78.125
의욕	1	1	26	32	weighted	bert	81.25
미사일	1	1	22	32	weighted	bert	68.75
처벌	1	1	25	32	weighted	bert	78.125
기분	9	1	29	32	weighted	bert	90.625
퇴장	1	1	24	32	weighted	bert	75.0
행운	2	1	28	32	weighted	bert	87.5
네팔	1	1	26	32	weighted	bert	81.25
납치	1	1	27	32	weighted	bert	84.375
가입	6	1	30	32	weighted	bert	93.75
방식	8	1	31	32	weighted	bert	96.875
가중	1	1	24	32	weighted	bert	75.0
마련	3	1	27	32	weighted	bert	84.375
성적	2	2	24	32	weighted	bert	75.0
배우	1	1	22	32	weighted	bert	68.75
장사	1	1	24	32	weighted	bert	75.0
청년	1	1	28	32	weighted	bert	87.5
부부	3	1	27	32	weighted	bert	84.375
형제	2	1	26	32	weighted	bert	81.25
당선	1	1	25	32	weighted	bert	78.125
온라인	3	1	28	32	weighted	bert	87.5
개헌	1	1	26	32	weighted	bert	81.25
소속	1	1	24	32	weighted	bert	75.0
로비	2	1	29	32	weighted	bert	90.625
뮤지컬	1	1	26	32	weighted	bert	81.25
명소	1	1	21	32	weighted	bert	65.625
숙제	1	1	27	32	weighted	bert	84.375
비	3	1	27	32	weighted	bert	84.375
명령	1	1	27	32	weighted	bert	84.375
보험	1	1	30	32	weighted	bert	93.75
탄핵	1	1	22	32	weighted	bert	68.75
취재	1	1	25	32	weighted	bert	78.125
회의	4	1	29	32	weighted	bert	90.625
공연	2	1	24	32	weighted	bert	75.0
할인	1	1	26	32	weighted	bert	81.25
마무리	1	1	26	32	weighted	bert	81.25
단어	1	1	24	32	weighted	bert	75.0
밖	3	1	24	32	weighted	bert	75.0
지인	1	1	24	32	weighted	bert	75.0
이웃	1	1	28	32	weighted	bert	87.5
행복	7	3	30	32	weighted	bert	93.75
공간	2	1	27	32	weighted	bert	84.375
신랑	2	2	24	32	weighted	bert	75.0
발음	1	1	24	32	weighted	bert	75.0
제도	5	1	30	32	weighted	bert	93.75
방어	1	1	28	32	weighted	bert	87.5
단계	3	1	29	32	weighted	bert	90.625
프로	2	1	27	32	weighted	bert	84.375
올	1	1	21	32	weighted	bert	65.625
입학	1	1	27	32	weighted	bert	84.375
시장	8	2	31	32	weighted	bert	96.875
동안	10	1	29	32	weighted	bert	90.625
코트	1	1	26	32	weighted	bert	81.25
켜	1	1	24	32	weighted	bert	75.0
점검	1	1	26	32	weighted	bert	81.25
슬픔	1	1	28	32	weighted	bert	87.5
체계	1	1	25	32	weighted	bert	78.125
선택	1	1	23	32	weighted	bert	71.875
인류	2	1	23	32	weighted	bert	71.875
장관	7	2	30	32	weighted	bert	93.75
번영	1	1	27	32	weighted	bert	84.375
부대	1	1	27	32	weighted	bert	84.375
범인	1	1	25	32	weighted	bert	78.125
절	1	1	25	32	weighted	bert	78.125
취소	1	1	26	32	weighted	bert	81.25
상위	1	1	26	32	weighted	bert	81.25
휘장	1	1	22	32	weighted	bert	68.75
스쿼시	1	1	24	32	weighted	bert	75.0
쥐	1	1	24	32	weighted	bert	75.0
이미지	1	1	25	32	weighted	bert	78.125
교환	1	1	25	32	weighted	bert	78.125
각광	1	1	25	32	weighted	bert	78.125
평생	2	1	25	32	weighted	bert	78.125
정보	1	1	29	32	weighted	bert	90.625
공포	2	1	27	32	weighted	bert	84.375
강경	1	1	28	32	weighted	bert	87.5
결과	4	1	29	32	weighted	bert	90.625
평가	3	1	29	32	weighted	bert	90.625
화음	1	1	25	32	weighted	bert	78.125
아래	4	3	29	32	weighted	bert	90.625
떡	2	1	28	32	weighted	bert	87.5
창업	1	1	24	32	weighted	bert	75.0
훈련	1	1	26	32	weighted	bert	81.25
거취	2	1	29	32	weighted	bert	90.625
예정	3	1	26	32	weighted	bert	81.25
졸업	1	1	26	32	weighted	bert	81.25
통신	1	1	24	32	weighted	bert	75.0
성분	1	1	22	32	weighted	bert	68.75
공원	3	1	23	32	weighted	bert	71.875
운	1	1	25	32	weighted	bert	78.125
통	1	1	24	32	weighted	bert	75.0
조치	2	1	27	32	weighted	bert	84.375
조건	7	1	30	32	weighted	bert	93.75
계획	6	1	31	32	weighted	bert	96.875
세금	3	1	29	32	weighted	bert	90.625
출연	1	1	29	32	weighted	bert	90.625
절정	1	1	25	32	weighted	bert	78.125
점	5	1	28	32	weighted	bert	87.5
기준	2	1	25	32	weighted	bert	78.125
부담	3	1	28	32	weighted	bert	87.5
움직임	1	1	26	32	weighted	bert	81.25
국	1	1	23	32	weighted	bert	71.875
작동	2	1	28	32	weighted	bert	87.5
삶	5	1	31	32	weighted	bert	96.875
주도	1	1	27	32	weighted	bert	84.375
공사	4	2	28	32	weighted	bert	87.5
개편	4	1	31	32	weighted	bert	96.875
방면	1	1	26	32	weighted	bert	81.25
연마	1	1	26	32	weighted	bert	81.25
협약	2	1	29	32	weighted	bert	90.625
집	22	2	30	32	weighted	bert	93.75
시대	7	1	29	32	weighted	bert	90.625
격려	1	1	26	32	weighted	bert	81.25
추세	3	1	29	32	weighted	bert	90.625
전력	1	1	24	32	weighted	bert	75.0
악보	1	1	26	32	weighted	bert	81.25
국고	1	1	27	32	weighted	bert	84.375
총회	1	1	26	32	weighted	bert	81.25
재난	1	1	23	32	weighted	bert	71.875
건립	1	1	28	32	weighted	bert	87.5
타협	2	1	28	32	weighted	bert	87.5
직장	2	1	28	32	weighted	bert	87.5
이치	1	1	26	32	weighted	bert	81.25
시기	2	1	25	32	weighted	bert	78.125
개막	1	1	29	32	weighted	bert	90.625
수익	3	2	23	32	weighted	bert	71.875
전쟁	1	1	23	32	weighted	bert	71.875
정권	3	1	28	32	weighted	bert	87.5
모자이크	1	1	26	32	weighted	bert	81.25
목적	2	1	24	32	weighted	bert	75.0
공동	2	1	27	32	weighted	bert	84.375
경선	3	1	26	32	weighted	bert	81.25
교육	7	1	29	32	weighted	bert	90.625
상황	12	1	32	32	weighted	bert	100.0
수	3	2	25	32	weighted	bert	78.125
창당	1	1	27	32	weighted	bert	84.375
규모	8	1	29	32	weighted	bert	90.625
연	1	1	24	32	weighted	bert	75.0
거실	1	1	26	32	weighted	bert	81.25
신체	2	1	29	32	weighted	bert	90.625
수류탄	1	1	27	32	weighted	bert	84.375
고향	2	1	22	32	weighted	bert	68.75
표	2	2	25	32	weighted	bert	78.125
이전	5	3	29	32	weighted	bert	90.625
표현	1	1	26	32	weighted	bert	81.25
보유	2	1	31	32	weighted	bert	96.875
판매	3	1	29	32	weighted	bert	90.625
반미	1	1	28	32	weighted	bert	87.5
영산	1	1	24	32	weighted	bert	75.0
수준	6	1	27	32	weighted	bert	84.375
자세	1	1	25	32	weighted	bert	78.125
키	2	1	28	32	weighted	bert	87.5
청구	1	1	23	32	weighted	bert	71.875
시련	1	1	23	32	weighted	bert	71.875
합	1	1	27	32	weighted	bert	84.375
이내	1	1	25	32	weighted	bert	78.125
충격	1	1	27	32	weighted	bert	84.375
결혼	1	1	28	32	weighted	bert	87.5
송이	1	1	27	32	weighted	bert	84.375
공익	1	1	26	32	weighted	bert	81.25
냄새	1	1	28	32	weighted	bert	87.5
갈등	1	1	23	32	weighted	bert	71.875
시민	4	1	29	32	weighted	bert	90.625
동작	1	1	22	32	weighted	bert	68.75
정부	29	2	30	32	weighted	bert	93.75
렌즈	1	1	26	32	weighted	bert	81.25
기록	3	2	30	32	weighted	bert	93.75
차별	1	1	27	32	weighted	bert	84.375
관리	4	2	31	32	weighted	bert	96.875
댁	2	1	25	32	weighted	bert	78.125
역사	3	2	29	32	weighted	bert	90.625
규범	1	1	25	32	weighted	bert	78.125
공상	1	1	28	32	weighted	bert	87.5
자본	1	1	26	32	weighted	bert	81.25
텔레비전	1	1	22	32	weighted	bert	68.75
출입	1	1	29	32	weighted	bert	90.625
규제	1	1	28	32	weighted	bert	87.5
하노이	1	1	26	32	weighted	bert	81.25
능력	6	1	31	32	weighted	bert	96.875
장	1	1	25	32	weighted	bert	78.125
부실	1	1	28	32	weighted	bert	87.5
내용	1	1	22	32	weighted	bert	68.75
노인	6	1	31	32	weighted	bert	96.875
수습	1	1	26	32	weighted	bert	81.25
유령	1	1	25	32	weighted	bert	78.125
목표	11	1	29	32	weighted	bert	90.625
틀	1	1	26	32	weighted	bert	81.25
계곡	1	1	30	32	weighted	bert	93.75
경험	1	1	29	32	weighted	bert	90.625
정신	5	2	27	32	weighted	bert	84.375
공부	2	1	30	32	weighted	bert	93.75
풍요	1	1	24	32	weighted	bert	75.0
매출	5	1	29	32	weighted	bert	90.625
죄	2	1	28	32	weighted	bert	87.5
해역	1	1	28	32	weighted	bert	87.5
셀프	1	1	25	32	weighted	bert	78.125
당직	1	1	25	32	weighted	bert	78.125
지원	1	1	26	32	weighted	bert	81.25
나이	4	1	30	32	weighted	bert	93.75
발송	1	1	28	32	weighted	bert	87.5
의회	2	1	24	32	weighted	bert	75.0
주민	5	1	31	32	weighted	bert	96.875
재생	1	1	27	32	weighted	bert	84.375
칼	1	1	30	32	weighted	bert	93.75
집착	1	1	28	32	weighted	bert	87.5
유작	1	1	30	32	weighted	bert	93.75
초점	1	1	22	32	weighted	bert	68.75
궤적	1	1	24	32	weighted	bert	75.0
부분	3	1	27	32	weighted	bert	84.375
개통	1	1	24	32	weighted	bert	75.0
건물	3	1	30	32	weighted	bert	93.75
작성	3	1	29	32	weighted	bert	90.625
남	1	1	26	32	weighted	bert	81.25
이벤트	1	1	24	32	weighted	bert	75.0
신생	1	1	27	32	weighted	bert	84.375
차량	1	1	25	32	weighted	bert	78.125
국수	5	1	21	32	weighted	bert	65.625
가결	1	1	25	32	weighted	bert	78.125
응시	1	1	24	32	weighted	bert	75.0
본질	1	1	24	32	weighted	bert	75.0
시리아	2	1	29	32	weighted	bert	90.625
인사	2	1	27	32	weighted	bert	84.375
명품	1	1	26	32	weighted	bert	81.25
의원	13	1	30	32	weighted	bert	93.75
사고	4	3	26	32	weighted	bert	81.25
트로피	1	1	28	32	weighted	bert	87.5
혼란	2	1	28	32	weighted	bert	87.5
자율	1	1	28	32	weighted	bert	87.5
협조	1	1	26	32	weighted	bert	81.25
주문	1	1	26	32	weighted	bert	81.25
기타	1	1	25	32	weighted	bert	78.125
기호	1	1	22	32	weighted	bert	68.75
효과	1	1	29	32	weighted	bert	90.625
유명	2	1	29	32	weighted	bert	90.625
신구	1	1	27	32	weighted	bert	84.375
용역	1	1	28	32	weighted	bert	87.5
일화	1	1	24	32	weighted	bert	75.0
볼모	1	1	28	32	weighted	bert	87.5
혼합	1	1	29	32	weighted	bert	90.625
무	1	1	21	32	weighted	bert	65.625
거대	1	1	25	32	weighted	bert	78.125
해소	2	1	26	32	weighted	bert	81.25
악마	1	1	28	32	weighted	bert	87.5
각종	4	1	28	32	weighted	bert	87.5
교사	2	1	29	32	weighted	bert	90.625
연락	2	2	24	32	weighted	bert	75.0
연기	2	1	28	32	weighted	bert	87.5
사람	23	4	31	32	weighted	bert	96.875
머리	1	1	25	32	weighted	bert	78.125
증세	2	1	28	32	weighted	bert	87.5
득점	2	1	28	32	weighted	bert	87.5
기조	4	1	31	32	weighted	bert	96.875
정황	1	1	24	32	weighted	bert	75.0
속성	1	1	27	32	weighted	bert	84.375
벨	2	1	27	32	weighted	bert	84.375
연말	1	1	25	32	weighted	bert	78.125
비용	2	1	27	32	weighted	bert	84.375
드라마	3	2	26	32	weighted	bert	81.25
결정	5	2	29	32	weighted	bert	90.625
절도	1	1	25	32	weighted	bert	78.125
실상	1	1	27	32	weighted	bert	84.375
라디오	1	1	25	32	weighted	bert	78.125
측근	1	1	24	32	weighted	bert	75.0
설	1	1	28	32	weighted	bert	87.5
전시	1	1	24	32	weighted	bert	75.0
학교	9	1	32	32	weighted	bert	100.0
선수	2	1	30	32	weighted	bert	93.75
개봉	1	1	27	32	weighted	bert	84.375
문구	1	1	24	32	weighted	bert	75.0
기색	1	1	24	32	weighted	bert	75.0
부품	1	1	21	32	weighted	bert	65.625
멕시코	1	1	22	32	weighted	bert	68.75
선사	1	1	28	32	weighted	bert	87.5
충신	1	1	26	32	weighted	bert	81.25
어려움	1	1	26	32	weighted	bert	81.25
연구	11	1	31	32	weighted	bert	96.875
태도	1	1	23	32	weighted	bert	71.875
이용	4	1	29	32	weighted	bert	90.625
파견	1	1	25	32	weighted	bert	78.125
회보	1	1	25	32	weighted	bert	78.125
단속	1	1	27	32	weighted	bert	84.375
토론	1	1	22	32	weighted	bert	68.75
병상	1	1	28	32	weighted	bert	87.5
팀	1	1	23	32	weighted	bert	71.875
연결	3	1	28	32	weighted	bert	87.5
작품	4	2	31	32	weighted	bert	96.875
평균	7	1	32	32	weighted	bert	100.0
운행	1	1	22	32	weighted	bert	68.75
화	2	1	20	32	weighted	bert	62.5
전부	2	1	25	32	weighted	bert	78.125
해법	2	2	27	32	weighted	bert	84.375
이유	3	1	28	32	weighted	bert	87.5
도시	1	1	24	32	weighted	bert	75.0
교부	1	1	25	32	weighted	bert	78.125
구조	2	2	28	32	weighted	bert	87.5
차단	1	1	23	32	weighted	bert	71.875
기점	1	1	26	32	weighted	bert	81.25
군기	1	1	25	32	weighted	bert	78.125
연극	2	1	27	32	weighted	bert	84.375
종료	2	1	26	32	weighted	bert	81.25
판단	1	1	22	32	weighted	bert	68.75
동포	1	1	28	32	weighted	bert	87.5
진단	2	1	28	32	weighted	bert	87.5
빵	2	1	30	32	weighted	bert	93.75
업체	5	1	27	32	weighted	bert	84.375
이야기	1	1	28	32	weighted	bert	87.5
해적	1	1	29	32	weighted	bert	90.625
새	1	1	21	32	weighted	bert	65.625
특성	1	1	23	32	weighted	bert	71.875
관심	7	1	28	32	weighted	bert	87.5
상태	2	1	27	32	weighted	bert	84.375
살림	3	1	26	32	weighted	bert	81.25
추가	5	1	29	32	weighted	bert	90.625
향상	1	1	23	32	weighted	bert	71.875
유산	1	1	24	32	weighted	bert	75.0
의결	2	1	27	32	weighted	bert	84.375
고장	2	1	25	32	weighted	bert	78.125
열쇠	1	1	27	32	weighted	bert	84.375
완화	1	1	28	32	weighted	bert	87.5
개각	1	1	29	32	weighted	bert	90.625
어깨	2	1	27	32	weighted	bert	84.375
외국	2	1	25	32	weighted	bert	78.125
협업	1	1	25	32	weighted	bert	78.125
메달	2	1	29	32	weighted	bert	90.625
권한	1	1	25	32	weighted	bert	78.125
모양	4	1	31	32	weighted	bert	96.875
지방	1	1	25	32	weighted	bert	78.125
불법	1	1	23	32	weighted	bert	71.875
고아	1	1	26	32	weighted	bert	81.25
천국	2	1	28	32	weighted	bert	87.5
혁신	1	1	23	32	weighted	bert	71.875
직후	1	1	26	32	weighted	bert	81.25
채택	1	1	23	32	weighted	bert	71.875
강령	1	1	28	32	weighted	bert	87.5
뜻	2	2	28	32	weighted	bert	87.5
식구	2	1	28	32	weighted	bert	87.5
부업	2	1	25	32	weighted	bert	78.125
차장	1	1	27	32	weighted	bert	84.375
안목	1	1	19	32	weighted	bert	59.375
숙식	1	1	18	32	weighted	bert	56.25
임금	1	1	25	32	weighted	bert	78.125
윤기	1	1	27	32	weighted	bert	84.375
직업	1	1	25	32	weighted	bert	78.125
추진	4	1	26	32	weighted	bert	81.25
정도	9	2	29	32	weighted	bert	90.625
국모	1	1	27	32	weighted	bert	84.375
동일	2	1	30	32	weighted	bert	93.75
이륙	1	1	25	32	weighted	bert	78.125
동전	1	1	25	32	weighted	bert	78.125
발표	4	1	29	32	weighted	bert	90.625
초청	1	1	28	32	weighted	bert	87.5
전진	1	1	26	32	weighted	bert	81.25
개최	5	1	30	32	weighted	bert	93.75
맛	2	2	23	32	weighted	bert	71.875
전개	1	1	26	32	weighted	bert	81.25
봉사	2	1	26	32	weighted	bert	81.25
달	1	1	25	32	weighted	bert	78.125
내심	1	1	26	32	weighted	bert	81.25
소화	1	1	29	32	weighted	bert	90.625
민간	2	1	29	32	weighted	bert	90.625
땅	4	1	29	32	weighted	bert	90.625
삭제	1	1	28	32	weighted	bert	87.5
사임	1	1	27	32	weighted	bert	84.375
생애	1	1	25	32	weighted	bert	78.125
생산	1	1	29	32	weighted	bert	90.625
강제	2	1	26	32	weighted	bert	81.25
경계	2	2	28	32	weighted	bert	87.5
수요	1	1	23	32	weighted	bert	71.875
수석	2	1	30	32	weighted	bert	93.75
스포츠	1	1	26	32	weighted	bert	81.25
호르몬	1	1	29	32	weighted	bert	90.625
무기	1	1	25	32	weighted	bert	78.125
회피	2	1	28	32	weighted	bert	87.5
사업	10	1	30	32	weighted	bert	93.75
과목	1	1	26	32	weighted	bert	81.25
난리	1	1	24	32	weighted	bert	75.0
핵심	3	1	27	32	weighted	bert	84.375
가운데	5	1	30	32	weighted	bert	93.75
매력	2	1	28	32	weighted	bert	87.5
방한	1	1	27	32	weighted	bert	84.375
연계	2	1	26	32	weighted	bert	81.25
증거	1	1	25	32	weighted	bert	78.125
덕목	1	1	30	32	weighted	bert	93.75
검색	2	1	28	32	weighted	bert	87.5
감동	4	1	29	32	weighted	bert	90.625
기사	4	2	25	32	weighted	bert	78.125
느낌	1	1	23	32	weighted	bert	71.875
수술	3	1	25	32	weighted	bert	78.125
생일	1	1	21	32	weighted	bert	65.625
포기	1	1	25	32	weighted	bert	78.125
기능	1	1	23	32	weighted	bert	71.875
수작	1	1	29	32	weighted	bert	90.625
행정	1	1	21	32	weighted	bert	65.625
하늘	8	1	29	32	weighted	bert	90.625
인력	4	1	29	32	weighted	bert	90.625
파동	1	1	30	32	weighted	bert	93.75
각주	1	1	27	32	weighted	bert	84.375
필요	14	1	27	32	weighted	bert	84.375
서울	5	1	27	32	weighted	bert	84.375
신설	3	1	29	32	weighted	bert	90.625
감소	1	1	23	32	weighted	bert	71.875
방문	7	2	30	32	weighted	bert	93.75
구단	4	1	31	32	weighted	bert	96.875
운영	5	1	31	32	weighted	bert	96.875
판결	4	1	27	32	weighted	bert	84.375
통과	3	2	26	32	weighted	bert	81.25
조합	1	1	23	32	weighted	bert	71.875
반찬	1	1	23	32	weighted	bert	71.875
배	1	1	27	32	weighted	bert	84.375
방송	1	1	23	32	weighted	bert	71.875
예의	1	1	26	32	weighted	bert	81.25
무리	2	1	29	32	weighted	bert	90.625
문화	2	1	25	32	weighted	bert	78.125
출간	1	1	25	32	weighted	bert	78.125
끝	4	1	30	32	weighted	bert	93.75
짐	6	1	26	32	weighted	bert	81.25
밤	3	1	28	32	weighted	bert	87.5
방안	7	1	29	32	weighted	bert	90.625
현	1	1	25	32	weighted	bert	78.125
공정	2	1	26	32	weighted	bert	81.25
총리	2	1	25	32	weighted	bert	78.125
특별	3	1	30	32	weighted	bert	93.75
벽	2	1	28	32	weighted	bert	87.5
자리	13	4	31	32	weighted	bert	96.875
군	5	2	28	32	weighted	bert	87.5
건강	6	2	30	32	weighted	bert	93.75
당내	4	1	27	32	weighted	bert	84.375
구입	1	1	27	32	weighted	bert	84.375
음료	1	1	26	32	weighted	bert	81.25
제시	2	1	31	32	weighted	bert	96.875
평화	4	2	27	32	weighted	bert	84.375
앞	4	2	27	32	weighted	bert	84.375
식품	1	1	25	32	weighted	bert	78.125
이견	1	1	26	32	weighted	bert	81.25
한계	1	1	26	32	weighted	bert	81.25
주장	2	1	28	32	weighted	bert	87.5
접촉	1	1	28	32	weighted	bert	87.5
파괴	1	1	28	32	weighted	bert	87.5
초대	1	1	27	32	weighted	bert	84.375
봉투	6	1	29	32	weighted	bert	90.625
질환	1	1	24	32	weighted	bert	75.0
반	1	1	23	32	weighted	bert	71.875
연료	1	1	22	32	weighted	bert	68.75
차주	1	1	25	32	weighted	bert	78.125
외부	3	1	29	32	weighted	bert	90.625
점수	2	1	27	32	weighted	bert	84.375
급	3	1	30	32	weighted	bert	93.75
신념	1	1	25	32	weighted	bert	78.125
등급	2	2	30	32	weighted	bert	93.75
효력	1	1	24	32	weighted	bert	75.0
마력	1	1	27	32	weighted	bert	84.375
면제	1	1	26	32	weighted	bert	81.25
라면	3	1	26	32	weighted	bert	81.25
성공	5	1	28	32	weighted	bert	87.5
의미	4	1	28	32	weighted	bert	87.5
계약	4	2	29	32	weighted	bert	90.625
콩	1	1	23	32	weighted	bert	71.875
후	4	1	28	32	weighted	bert	87.5
물론	3	1	27	32	weighted	bert	84.375
즐거움	1	1	23	32	weighted	bert	71.875
업무	3	1	29	32	weighted	bert	90.625
중간	2	2	26	32	weighted	bert	81.25
천사	1	1	24	32	weighted	bert	75.0
전남	2	1	28	32	weighted	bert	87.5
수정	1	1	18	32	weighted	bert	56.25
영리	1	1	21	32	weighted	bert	65.625
아버지	6	2	27	32	weighted	bert	84.375
채권	1	1	26	32	weighted	bert	81.25
당	4	1	26	32	weighted	bert	81.25
이외	2	1	25	32	weighted	bert	78.125
대회	10	2	32	32	weighted	bert	100.0
심판	1	1	26	32	weighted	bert	81.25
의견	9	1	29	32	weighted	bert	90.625
현재	3	1	27	32	weighted	bert	84.375
축제	2	1	29	32	weighted	bert	90.625
편지	11	1	30	32	weighted	bert	93.75
토대	1	1	21	32	weighted	bert	65.625
맥주	1	1	28	32	weighted	bert	87.5
어머니	1	1	21	32	weighted	bert	65.625
도움	3	1	29	32	weighted	bert	90.625
투표	4	1	27	32	weighted	bert	84.375
컨테이너	1	1	25	32	weighted	bert	78.125
재정	1	1	26	32	weighted	bert	81.25
부문	1	1	25	32	weighted	bert	78.125
검사	2	1	29	32	weighted	bert	90.625
설립	1	1	27	32	weighted	bert	84.375
지출	1	1	23	32	weighted	bert	71.875
동료	2	1	27	32	weighted	bert	84.375
계기	4	1	30	32	weighted	bert	93.75
저서	1	1	24	32	weighted	bert	75.0
예산	4	2	31	32	weighted	bert	96.875
유머	1	1	27	32	weighted	bert	84.375
거장	1	1	29	32	weighted	bert	90.625
법인	1	1	24	32	weighted	bert	75.0
우울	1	1	29	32	weighted	bert	90.625
최초	1	1	27	32	weighted	bert	84.375
숨	1	1	22	32	weighted	bert	68.75
거짓	1	1	25	32	weighted	bert	78.125
파악	2	1	29	32	weighted	bert	90.625
실력	2	1	30	32	weighted	bert	93.75
매각	3	1	30	32	weighted	bert	93.75
이바지	3	1	28	32	weighted	bert	87.5
형태	3	1	23	32	weighted	bert	71.875
경쟁	4	1	30	32	weighted	bert	93.75
수행	1	1	26	32	weighted	bert	81.25
나머지	3	1	25	32	weighted	bert	78.125
기술	3	1	26	32	weighted	bert	81.25
지급	1	1	28	32	weighted	bert	87.5
여부	10	1	30	32	weighted	bert	93.75
남자	2	2	26	32	weighted	bert	81.25
야외	1	1	24	32	weighted	bert	75.0
재판	1	1	25	32	weighted	bert	78.125
인물	2	2	25	32	weighted	bert	78.125
수입	1	1	23	32	weighted	bert	71.875
고통	2	1	28	32	weighted	bert	87.5
자녀	1	1	23	32	weighted	bert	71.875
부지	1	1	21	32	weighted	bert	65.625
빈도	1	1	24	32	weighted	bert	75.0
수용	1	1	26	32	weighted	bert	81.25
사이	9	1	30	32	weighted	bert	93.75
변화	4	1	30	32	weighted	bert	93.75
중심	5	1	29	32	weighted	bert	90.625
여진	2	1	30	32	weighted	bert	93.75
남편	14	1	29	32	weighted	bert	90.625
대책	4	2	30	32	weighted	bert	93.75
일독	1	1	26	32	weighted	bert	81.25
연휴	2	1	27	32	weighted	bert	84.375
출근	1	1	27	32	weighted	bert	84.375
부과	1	1	26	32	weighted	bert	81.25
동향	1	1	24	32	weighted	bert	75.0
올림픽	4	1	31	32	weighted	bert	96.875
공개	2	1	29	32	weighted	bert	90.625
고정	1	1	26	32	weighted	bert	81.25
숙지	1	1	32	32	weighted	bert	100.0
운명	2	2	24	32	weighted	bert	75.0
투병	1	1	26	32	weighted	bert	81.25
인천	1	1	23	32	weighted	bert	71.875
대비	3	1	27	32	weighted	bert	84.375
성숙	1	1	25	32	weighted	bert	78.125
대결	1	1	26	32	weighted	bert	81.25
감정	7	3	28	32	weighted	bert	87.5
백방	1	1	27	32	weighted	bert	84.375
수단	1	1	31	32	weighted	bert	96.875
면	3	2	29	32	weighted	bert	90.625
작가	3	1	29	32	weighted	bert	90.625
용서	2	1	26	32	weighted	bert	81.25
지대	1	1	26	32	weighted	bert	81.25
기구	2	1	28	32	weighted	bert	87.5
교감	1	1	24	32	weighted	bert	75.0
고려	2	1	27	32	weighted	bert	84.375
가지	1	1	28	32	weighted	bert	87.5
향후	3	1	28	32	weighted	bert	87.5
한은	1	1	24	32	weighted	bert	75.0
유혹	1	1	27	32	weighted	bert	84.375
지금	1	1	23	32	weighted	bert	71.875
관절	1	1	22	32	weighted	bert	68.75
포인트	1	1	26	32	weighted	bert	81.25
검찰	1	1	28	32	weighted	bert	87.5
모범	1	1	26	32	weighted	bert	81.25
경악	2	1	27	32	weighted	bert	84.375
희망	4	1	30	32	weighted	bert	93.75
들	1	1	26	32	weighted	bert	81.25
사망	2	1	28	32	weighted	bert	87.5
책	12	2	27	32	weighted	bert	84.375
묵	1	1	25	32	weighted	bert	78.125
전용	1	1	24	32	weighted	bert	75.0
열정	2	1	29	32	weighted	bert	90.625
학년	1	1	28	32	weighted	bert	87.5
통풍	1	1	25	32	weighted	bert	78.125
순간	2	1	24	32	weighted	bert	75.0
여성	8	1	28	32	weighted	bert	87.5
채용	1	1	26	32	weighted	bert	81.25
사건	8	2	29	32	weighted	bert	90.625
귀국	1	1	25	32	weighted	bert	78.125
논평	2	1	25	32	weighted	bert	78.125
노래	6	1	29	32	weighted	bert	90.625
간부	1	1	22	32	weighted	bert	68.75
막대기	1	1	27	32	weighted	bert	84.375
투수	1	1	24	32	weighted	bert	75.0
사옥	1	1	27	32	weighted	bert	84.375
선실	1	1	26	32	weighted	bert	81.25
속도	2	1	24	32	weighted	bert	75.0
예약	1	1	22	32	weighted	bert	68.75
자기	1	1	23	32	weighted	bert	71.875
정원	2	1	28	32	weighted	bert	87.5
위기	1	1	27	32	weighted	bert	84.375
그룹	2	1	29	32	weighted	bert	90.625
위험	2	1	28	32	weighted	bert	87.5
당장	1	1	28	32	weighted	bert	87.5
참여	7	1	31	32	weighted	bert	96.875
노사	1	1	29	32	weighted	bert	90.625
재개	2	1	28	32	weighted	bert	87.5
지표	2	1	26	32	weighted	bert	81.25
관계	2	1	29	32	weighted	bert	90.625
반복	2	1	28	32	weighted	bert	87.5
방귀	2	1	22	32	weighted	bert	68.75
의지	1	1	24	32	weighted	bert	75.0
치료	2	1	26	32	weighted	bert	81.25
회초리	1	1	28	32	weighted	bert	87.5
공시	1	1	23	32	weighted	bert	71.875
어버이	1	1	28	32	weighted	bert	87.5
그리스	1	1	25	32	weighted	bert	78.125
분석	1	1	26	32	weighted	bert	81.25
요절	1	1	28	32	weighted	bert	87.5
자	2	1	27	32	weighted	bert	84.375
한족	1	1	26	32	weighted	bert	81.25
과거	2	1	24	32	weighted	bert	75.0
강화	9	3	28	32	weighted	bert	87.5
불편	1	1	25	32	weighted	bert	78.125
찌개	1	1	26	32	weighted	bert	81.25
회장	9	3	27	32	weighted	bert	84.375
중독	1	1	24	32	weighted	bert	75.0
답	1	1	27	32	weighted	bert	84.375
사기	1	1	24	32	weighted	bert	75.0
승인	2	1	30	32	weighted	bert	93.75
예측	1	1	24	32	weighted	bert	75.0
남성	4	1	31	32	weighted	bert	96.875
모시	2	1	22	32	weighted	bert	68.75
편안	1	1	29	32	weighted	bert	90.625
바탕	1	1	28	32	weighted	bert	87.5
때	54	3	31	32	weighted	bert	96.875
존재	1	1	28	32	weighted	bert	87.5
현상	2	1	27	32	weighted	bert	84.375
다툼	1	1	20	32	weighted	bert	62.5
아침	2	2	27	32	weighted	bert	84.375
표본	2	1	28	32	weighted	bert	87.5
아테네	1	1	27	32	weighted	bert	84.375
별도	1	1	26	32	weighted	bert	81.25
마드리드	1	1	29	32	weighted	bert	90.625
여행	4	1	30	32	weighted	bert	93.75
사형	1	1	24	32	weighted	bert	75.0
진출	4	2	29	32	weighted	bert	90.625
출시	2	1	30	32	weighted	bert	93.75
수업	1	1	24	32	weighted	bert	75.0
값	1	1	22	32	weighted	bert	68.75
조바심	2	1	27	32	weighted	bert	84.375
전말	1	1	25	32	weighted	bert	78.125
지역	8	2	32	32	weighted	bert	100.0
정성	2	1	25	32	weighted	bert	78.125

Average score: 82.7816
